{
	"credit": "Made with Blockbench",
	"textures": {
		"0": "item/black_powder"
	},
	"elements": [
		{
			"from": [7, 5.75, 7],
			"to": [9, 21, 9],
			"rotation": {"angle": -45, "axis": "y", "origin": [8, 10, 8]},
			"faces": {
				"north": {"uv": [11, 0.75, 13, 16], "texture": "#0"},
				"east": {"uv": [11, 0.75, 13, 16], "texture": "#0"},
				"south": {"uv": [11, 0.75, 13, 16], "texture": "#0"},
				"west": {"uv": [11, 0.75, 13, 16], "texture": "#0"},
				"up": {"uv": [0, 0, 1, 1], "texture": "#missing"},
				"down": {"uv": [0, 0, 2, 2], "rotation": 270, "texture": "#0"}
			}
		},
		{
			"name": "new thing",
			"from": [7.25, 3, 7.25],
			"to": [8.25, 6.5, 8.25],
			"rotation": {"angle": -45, "axis": "y", "origin": [8, 10, 8]},
			"faces": {
				"north": {"uv": [5, 9.75, 6, 13.25], "texture": "#0"},
				"east": {"uv": [10, 7.75, 11, 11.25], "texture": "#0"},
				"south": {"uv": [10, 7.75, 11, 11.25], "texture": "#0"},
				"west": {"uv": [6, 7.75, 7, 11.25], "texture": "#0"},
				"up": {"uv": [0, 0, 1, 1], "texture": "#missing"},
				"down": {"uv": [9, 9, 10, 10], "rotation": 270, "texture": "#0"}
			}
		},
		{
			"from": [6.75, 21, 6.75],
			"to": [9.25, 22.25, 9.25],
			"rotation": {"angle": -45, "axis": "y", "origin": [8, 10, 8]},
			"faces": {
				"north": {"uv": [0, 0, 2.5, 1.25], "texture": "#0"},
				"east": {"uv": [0, 0, 1, 1], "texture": "#0"},
				"south": {"uv": [0, 0, 1, 1], "texture": "#0"},
				"west": {"uv": [2, 3, 5, 5], "texture": "#0"},
				"up": {"uv": [14, 1, 15, 2], "texture": "#0"},
				"down": {"uv": [0, 0, 1, 1], "texture": "#0"}
			}
		},
		{
			"from": [6.5, 22.25, 8.75],
			"to": [9.5, 23, 9.5],
			"rotation": {"angle": -45, "axis": "y", "origin": [8, 22.125, 8]},
			"faces": {
				"north": {"uv": [0, 0, 3, 0.75], "texture": "#0"},
				"east": {"uv": [0, 0, 1, 1], "texture": "#0"},
				"south": {"uv": [0, 0, 1, 1], "texture": "#0"},
				"west": {"uv": [0, 0, 1, 1], "texture": "#0"},
				"up": {"uv": [0, 0, 3, 0.75], "texture": "#0"},
				"down": {"uv": [0, 0, 1, 1], "texture": "#0"}
			}
		},
		{
			"from": [8.75, 22.25, 7.25],
			"to": [9.5, 23, 8.75],
			"rotation": {"angle": -45, "axis": "y", "origin": [8, 22.125, 8]},
			"faces": {
				"north": {"uv": [0, 0, 0.75, 0.75], "texture": "#missing"},
				"east": {"uv": [0, 0, 1, 1], "texture": "#0"},
				"south": {"uv": [0, 0, 1, 1], "texture": "#missing"},
				"west": {"uv": [0, 0, 1, 1], "texture": "#0"},
				"up": {"uv": [3, 3, 3.75, 4.5], "texture": "#0"},
				"down": {"uv": [0, 0, 1, 1], "texture": "#0"}
			}
		},
		{
			"from": [6.5, 22.25, 7.25],
			"to": [7.25, 23, 8.75],
			"rotation": {"angle": -45, "axis": "y", "origin": [8, 22.125, 8]},
			"faces": {
				"north": {"uv": [0, 0, 0.75, 0.75], "texture": "#missing"},
				"east": {"uv": [0, 0, 1, 1], "texture": "#0"},
				"south": {"uv": [0, 0, 1, 1], "texture": "#missing"},
				"west": {"uv": [1, 2, 2, 3], "texture": "#0"},
				"up": {"uv": [3, 3, 2, 5], "texture": "#0"},
				"down": {"uv": [0, 0, 1, 1], "texture": "#0"}
			}
		},
		{
			"from": [6.5, 22.25, 6.5],
			"to": [9.5, 23, 7.25],
			"rotation": {"angle": -45, "axis": "y", "origin": [8, 22.125, 8]},
			"faces": {
				"north": {"uv": [0, 0, 3, 0.75], "texture": "#0"},
				"east": {"uv": [0, 0, 1, 1], "texture": "#0"},
				"south": {"uv": [0, 0, 1, 1], "texture": "#0"},
				"west": {"uv": [0, 0, 1, 1], "texture": "#0"},
				"up": {"uv": [0, 1, 3, 1.75], "texture": "#0"},
				"down": {"uv": [0, 0, 1, 1], "texture": "#0"}
			}
		},
		{
			"from": [7.75, 9, 7.5],
			"to": [9.75, 19, 9.5],
			"rotation": {"angle": -45, "axis": "y", "origin": [8, 10, 8]},
			"faces": {
				"north": {"uv": [5, 6, 7, 16], "texture": "#0"},
				"east": {"uv": [5, 6, 7, 16], "texture": "#0"},
				"south": {"uv": [6, 5, 8, 15], "texture": "#0"},
				"west": {"uv": [5, 4, 7, 14], "texture": "#0"},
				"up": {"uv": [5, 8, 7, 10], "texture": "#0"},
				"down": {"uv": [0, 0, 1, 1], "texture": "#missing"}
			}
		},
		{
			"from": [6.75, 5.25, 8],
			"to": [9.25, 9, 10.25],
			"rotation": {"angle": 0, "axis": "y", "origin": [8, 10, 8]},
			"faces": {
				"north": {"uv": [2.5, 3.25, 5, 7], "texture": "#0"},
				"east": {"uv": [2.75, 3.25, 5, 7], "texture": "#0"},
				"south": {"uv": [2.5, 3.25, 5, 7], "texture": "#0"},
				"west": {"uv": [3, 3.25, 5, 7], "texture": "#0"},
				"up": {"uv": [2.75, 4.5, 5, 7], "rotation": 90, "texture": "#0"},
				"down": {"uv": [8.5, 7.75, 10.75, 10.25], "rotation": 270, "texture": "#0"}
			}
		},
		{
			"from": [7, -1, 9.5],
			"to": [9, 5.25, 11.25],
			"rotation": {"angle": -22.5, "axis": "x", "origin": [8, 2, 8.875]},
			"faces": {
				"north": {"uv": [8, 7, 10, 13.25], "texture": "#0"},
				"east": {"uv": [6, 6, 7.75, 12.25], "texture": "#0"},
				"south": {"uv": [0, 9, 2, 15.25], "texture": "#0"},
				"west": {"uv": [5, 9, 6.75, 15.25], "texture": "#0"},
				"up": {"uv": [0, 0, 1, 1], "rotation": 90, "texture": "#missing"},
				"down": {"uv": [0, 0, 1, 1], "rotation": 270, "texture": "#missing"}
			}
		},
		{
			"from": [7.25, -0.5, 7.5],
			"to": [8.75, 6, 10.5],
			"rotation": {"angle": 0, "axis": "x", "origin": [8, 2, 8.875]},
			"faces": {
				"north": {"uv": [4, 9, 5.5, 15.5], "texture": "#0"},
				"east": {"uv": [1, 7.5, 4, 14], "texture": "#0"},
				"south": {"uv": [11, 7, 12.5, 13.5], "texture": "#0"},
				"west": {"uv": [4, 9.5, 7, 16], "texture": "#0"},
				"up": {"uv": [3.5, 3.75, 5, 6.75], "texture": "#0"},
				"down": {"uv": [0, 0, 1, 1], "rotation": 270, "texture": "#missing"}
			}
		},
		{
			"from": [6.75, -1, 7.25],
			"to": [9.25, 0.5, 12.5],
			"rotation": {"angle": -22.5, "axis": "x", "origin": [8, 0, 9.875]},
			"faces": {
				"north": {"uv": [2, 10, 4.5, 11.5], "texture": "#0"},
				"east": {"uv": [2, 12, 7.25, 13.5], "texture": "#0"},
				"south": {"uv": [3, 9, 5.5, 10.5], "texture": "#0"},
				"west": {"uv": [2, 9, 7.25, 10.5], "texture": "#0"},
				"up": {"uv": [8, 9, 10.5, 14.25], "texture": "#0"},
				"down": {"uv": [8, 8, 10.5, 13.25], "texture": "#0"}
			}
		},
		{
			"from": [8, 5.5, 7],
			"to": [9.75, 9, 9.25],
			"rotation": {"angle": 0, "axis": "y", "origin": [8, 10, 8]},
			"faces": {
				"north": {"uv": [3.25, 3.25, 5, 6.75], "texture": "#0"},
				"east": {"uv": [0, 0, 2, 3.5], "texture": "#0"},
				"south": {"uv": [0, 0, 1, 1], "texture": "#0"},
				"west": {"uv": [12, 10, 13, 11], "texture": "#0"},
				"up": {"uv": [3, 4, 4.75, 6.25], "texture": "#0"},
				"down": {"uv": [3, 4, 4.75, 6.25], "texture": "#0"}
			}
		},
		{
			"from": [9.75, 7.25, 8.5],
			"to": [10.75, 9, 9],
			"rotation": {"angle": 0, "axis": "y", "origin": [8, 10, 8]},
			"faces": {
				"north": {"uv": [0, 0, 1, 1.75], "texture": "#0"},
				"east": {"uv": [0, 0, 1, 1], "texture": "#0"},
				"south": {"uv": [4, 4, 5, 5.75], "texture": "#0"},
				"west": {"uv": [0, 0, 1, 1], "texture": "#missing"},
				"up": {"uv": [0, 0, 1, 1], "rotation": 90, "texture": "#0"},
				"down": {"uv": [0, 0, 1, 1], "rotation": 270, "texture": "#0"}
			}
		},
		{
			"from": [9.75, 7.75, 8],
			"to": [10.5, 8.75, 8.5],
			"rotation": {"angle": 0, "axis": "y", "origin": [8, 10, 8]},
			"faces": {
				"north": {"uv": [14, 13, 15, 14.75], "texture": "#0"},
				"east": {"uv": [14, 12, 15, 13], "texture": "#0"},
				"south": {"uv": [4, 4, 5, 5.75], "texture": "#0"},
				"west": {"uv": [0, 0, 1, 1], "texture": "#missing"},
				"up": {"uv": [15, 11, 16, 12], "rotation": 90, "texture": "#0"},
				"down": {"uv": [0, 0, 1, 1], "rotation": 270, "texture": "#0"}
			}
		},
		{
			"from": [7.5, 6.25, 11.25],
			"to": [8.5, 8, 11.75],
			"rotation": {"angle": 0, "axis": "y", "origin": [8, 10, 8]},
			"faces": {
				"north": {"uv": [4, 5, 5, 6.75], "texture": "#0"},
				"east": {"uv": [0, 0, 1, 1], "texture": "#0"},
				"south": {"uv": [3.5, 3.75, 4.5, 5.5], "texture": "#0"},
				"west": {"uv": [0, 0, 1, 1], "texture": "#0"},
				"up": {"uv": [0, 0, 1, 1], "rotation": 90, "texture": "#missing"},
				"down": {"uv": [0, 0, 1, 1], "rotation": 270, "texture": "#missing"}
			}
		},
		{
			"from": [7.5, 8, 10.25],
			"to": [8.5, 8.5, 11.75],
			"rotation": {"angle": 0, "axis": "y", "origin": [8, 10, 8]},
			"faces": {
				"north": {"uv": [0, 0, 1, 0.5], "texture": "#missing"},
				"east": {"uv": [0, 0, 1, 1], "texture": "#0"},
				"south": {"uv": [0, 0, 1, 1], "texture": "#0"},
				"west": {"uv": [3, 4, 4.5, 4.5], "texture": "#0"},
				"up": {"uv": [3, 4, 4.5, 5], "rotation": 90, "texture": "#0"},
				"down": {"uv": [0, 0, 1, 1], "rotation": 270, "texture": "#0"}
			}
		},
		{
			"from": [7.5, 5.75, 10.25],
			"to": [8.5, 6.25, 11.75],
			"rotation": {"angle": 0, "axis": "y", "origin": [8, 10, 8]},
			"faces": {
				"north": {"uv": [0, 0, 1, 0.5], "texture": "#missing"},
				"east": {"uv": [0, 0, 1, 1], "texture": "#0"},
				"south": {"uv": [0, 0, 1, 1], "texture": "#0"},
				"west": {"uv": [0, 0, 1, 1], "texture": "#0"},
				"up": {"uv": [0, 0, 1.5, 1], "rotation": 90, "texture": "#0"},
				"down": {"uv": [0, 1, 1.5, 2], "rotation": 270, "texture": "#0"}
			}
		},
		{
			"from": [7.75, 6.75, 10.25],
			"to": [8.25, 7.25, 11],
			"rotation": {"angle": 0, "axis": "y", "origin": [8, 10, 8]},
			"faces": {
				"north": {"uv": [0, 0, 0.5, 0.5], "texture": "#missing"},
				"east": {"uv": [0, 0, 1, 1], "texture": "#0"},
				"south": {"uv": [0, 0, 1, 1], "texture": "#0"},
				"west": {"uv": [0, 0, 1, 1], "texture": "#0"},
				"up": {"uv": [0, 0, 1, 1], "rotation": 90, "texture": "#0"},
				"down": {"uv": [0, 0, 1, 1], "rotation": 270, "texture": "#0"}
			}
		},
		{
			"from": [10, 7.25, 7],
			"to": [10.5, 7.75, 8.5],
			"rotation": {"angle": 0, "axis": "y", "origin": [8, 10, 8]},
			"faces": {
				"north": {"uv": [0, 0, 0.5, 0.5], "texture": "#missing"},
				"east": {"uv": [0, 0, 1, 1], "texture": "#0"},
				"south": {"uv": [0, 0, 1, 1], "texture": "#missing"},
				"west": {"uv": [0, 0, 1, 1], "texture": "#missing"},
				"up": {"uv": [0, 0, 1.5, 0.5], "rotation": 90, "texture": "#0"},
				"down": {"uv": [0, 0, 1, 1], "rotation": 270, "texture": "#0"}
			}
		},
		{
			"from": [8.25, 6, 6],
			"to": [8.75, 6.5, 7.25],
			"rotation": {"angle": 0, "axis": "y", "origin": [8, 10, 8]},
			"faces": {
				"north": {"uv": [0, 0, 0.5, 0.5], "texture": "#0"},
				"east": {"uv": [0, 0, 1, 1], "texture": "#0"},
				"south": {"uv": [0, 0, 1, 1], "texture": "#missing"},
				"west": {"uv": [0, 0, 1, 1], "texture": "#0"},
				"up": {"uv": [0, 0, 1, 1], "rotation": 90, "texture": "#0"},
				"down": {"uv": [0, 0, 1, 1], "rotation": 270, "texture": "#0"}
			}
		},
		{
			"from": [7.25, 6, 6],
			"to": [7.75, 6.5, 7.5],
			"rotation": {"angle": 0, "axis": "y", "origin": [8, 10, 8]},
			"faces": {
				"north": {"uv": [0, 0, 0.5, 0.5], "texture": "#0"},
				"east": {"uv": [0, 0, 1, 1], "texture": "#0"},
				"south": {"uv": [0, 0, 1, 1], "texture": "#missing"},
				"west": {"uv": [0, 0, 1, 1], "texture": "#0"},
				"up": {"uv": [0, 0, 1, 1], "rotation": 90, "texture": "#0"},
				"down": {"uv": [0, 0, 1, 1], "rotation": 270, "texture": "#0"}
			}
		},
		{
			"from": [9.75, 6, 5.75],
			"to": [10.25, 6.5, 8.25],
			"rotation": {"angle": -22.5, "axis": "x", "origin": [10, 6.0625, 8.375]},
			"faces": {
				"north": {"uv": [0, 0, 0.5, 0.5], "texture": "#0"},
				"east": {"uv": [0, 0, 1, 1], "texture": "#0"},
				"south": {"uv": [0, 0, 1, 1], "texture": "#missing"},
				"west": {"uv": [0, 0, 1, 1], "texture": "#0"},
				"up": {"uv": [2, 4, 4.5, 4.5], "rotation": 90, "texture": "#0"},
				"down": {"uv": [0, 0, 2.5, 0.5], "rotation": 270, "texture": "#0"}
			}
		},
		{
			"from": [9.75, 6.5, 6],
			"to": [10.25, 7.25, 6.5],
			"rotation": {"angle": -22.5, "axis": "x", "origin": [10, 6.0625, 8.375]},
			"faces": {
				"north": {"uv": [0, 0, 1, 1], "texture": "#0"},
				"east": {"uv": [0, 0, 1, 1], "texture": "#0"},
				"south": {"uv": [0, 0, 1, 1], "texture": "#0"},
				"west": {"uv": [0, 0, 1, 1], "texture": "#0"},
				"up": {"uv": [11, 0, 12, 1], "rotation": 90, "texture": "#0"},
				"down": {"uv": [0, 0, 0.5, 0.5], "rotation": 270, "texture": "#missing"}
			}
		},
		{
			"from": [9.75, 6, 8.25],
			"to": [10.5, 6.5, 8.75],
			"rotation": {"angle": 0, "axis": "y", "origin": [8, 10, 8]},
			"faces": {
				"north": {"uv": [0, 0, 0.75, 0.5], "texture": "#0"},
				"east": {"uv": [0, 0, 1, 1], "texture": "#0"},
				"south": {"uv": [0, 0, 1, 1], "texture": "#0"},
				"west": {"uv": [0, 0, 1, 1], "texture": "#missing"},
				"up": {"uv": [0, 0, 1, 1], "rotation": 90, "texture": "#0"},
				"down": {"uv": [0, 0, 1, 1], "rotation": 270, "texture": "#0"}
			}
		},
		{
			"from": [9.75, 7.5, 6],
			"to": [10.75, 8, 7.5],
			"rotation": {"angle": 45, "axis": "x", "origin": [10.25, 7.5, 6.75]},
			"faces": {
				"north": {"uv": [0, 0, 1, 0.5], "texture": "#0"},
				"east": {"uv": [0, 0, 1, 1], "texture": "#0"},
				"south": {"uv": [0, 0, 1, 1], "texture": "#0"},
				"west": {"uv": [0, 0, 1.5, 0.5], "texture": "#0"},
				"up": {"uv": [0, 0, 1, 1], "rotation": 90, "texture": "#0"},
				"down": {"uv": [0, 0, 1, 1], "rotation": 270, "texture": "#0"}
			}
		}
	],
	"display": {
		"thirdperson_righthand": {
			"rotation": [-90, -180, 0],
			"translation": [0, 0.25, -2.25],
			"scale": [0.72, 0.72, 0.72]
		},
		"thirdperson_lefthand": {
			"rotation": [-90, -180, 0],
			"translation": [0, 0.25, -2.25],
			"scale": [0.72, 0.72, 0.72]
		},
		"firstperson_righthand": {
			"rotation": [-89, -180, 0],
			"translation": [0, 4, -0.5],
			"scale": [0.77, 0.77, 0.77]
		},
		"firstperson_lefthand": {
			"rotation": [-89, -180, 0],
			"translation": [0, 4, -0.5],
			"scale": [0.77, 0.77, 0.77]
		},
		"ground": {
			"rotation": [-180, 0, 0],
			"translation": [0, 7, 1.25],
			"scale": [0.68, 0.68, 0.68]
		},
		"gui": {
			"rotation": [90, -41, 90],
			"translation": [2.25, -1, 0],
			"scale": [0.83, 0.83, 0.83]
		},
		"fixed": {
			"rotation": [90, 41, -90],
			"translation": [-2.75, -1.25, 0]
		}
	}
}