{
	"credit": "Made with Blockbench",
	"textures": {
		"0": "item/black_powder",
		"particle": "item/black_powder"
	},
	"elements": [
		{
			"from": [7, 2.75, 7],
			"to": [8, 21, 8],
			"rotation": {"angle": -45, "axis": "y", "origin": [7.5, 5, 8]},
			"faces": {
				"north": {"uv": [11, 0, 12, 16], "texture": "#0"},
				"east": {"uv": [11, 0, 12, 16], "texture": "#0"},
				"south": {"uv": [11, 0, 12, 16], "texture": "#0"},
				"west": {"uv": [11, 0, 12, 16], "texture": "#0"},
				"up": {"uv": [14, 1, 15, 2], "texture": "#0"},
				"down": {"uv": [1, 3, 2, 4], "texture": "#0"}
			}
		},
		{
			"from": [8, 2.75, 7],
			"to": [9, 21, 8],
			"rotation": {"angle": -45, "axis": "y", "origin": [8.5, 5, 8]},
			"faces": {
				"north": {"uv": [11, 0, 12, 16], "texture": "#0"},
				"east": {"uv": [11, 0, 12, 16], "texture": "#0"},
				"south": {"uv": [11, 0, 12, 16], "texture": "#0"},
				"west": {"uv": [11, 0, 12, 16], "texture": "#0"},
				"up": {"uv": [14, 1, 15, 2], "texture": "#0"},
				"down": {"uv": [1, 3, 2, 4], "texture": "#0"}
			}
		},
		{
			"from": [8.5, 4, 8],
			"to": [9, 15.25, 8.5],
			"rotation": {"angle": -45, "axis": "y", "origin": [8, 5, 8]},
			"faces": {
				"north": {"uv": [8, 4, 9, 16], "texture": "#0"},
				"east": {"uv": [10, 4, 11, 16], "texture": "#0"},
				"south": {"uv": [10, 16, 11, 4], "rotation": 180, "texture": "#0"},
				"west": {"uv": [10, 4, 11, 16], "texture": "#0"},
				"up": {"uv": [6, 10, 7, 11], "texture": "#0"},
				"down": {"uv": [0, 0, 1, 1], "texture": "#missing"}
			}
		},
		{
			"from": [7.75, 13, 7.56066],
			"to": [9, 19.25, 8.81066],
			"rotation": {"angle": 0, "axis": "y", "origin": [8, 12.125, 9.06066]},
			"faces": {
				"north": {"uv": [0, 0, 1, 1], "texture": "#missing"},
				"east": {"uv": [1, 7, 3, 16], "texture": "#0"},
				"south": {"uv": [1, 10, 3, 16], "texture": "#0"},
				"west": {"uv": [5, 7, 7, 16], "texture": "#0"},
				"up": {"uv": [2, 10, 3, 11], "rotation": 90, "texture": "#0"},
				"down": {"uv": [0, 0, 1, 1], "rotation": 270, "texture": "#missing"}
			}
		},
		{
			"from": [7.55, 4, 7.56066],
			"to": [9.2, 13, 9.11066],
			"rotation": {"angle": 0, "axis": "y", "origin": [8, 12.125, 9.06066]},
			"faces": {
				"north": {"uv": [9, 8, 10, 9], "texture": "#0"},
				"east": {"uv": [2, 8, 4, 16], "texture": "#0"},
				"south": {"uv": [5, 6, 7, 16], "texture": "#0"},
				"west": {"uv": [5, 6, 7, 16], "texture": "#0"},
				"up": {"uv": [2, 10, 3, 11], "rotation": 90, "texture": "#0"},
				"down": {"uv": [0, 0, 1, 1], "rotation": 270, "texture": "#missing"}
			}
		},
		{
			"from": [8.15, 2.7, 8.16066],
			"to": [9.2, 12.6, 9.11066],
			"rotation": {"angle": 45, "axis": "y", "origin": [8.7, 12.125, 9.06066]},
			"faces": {
				"north": {"uv": [9, 8, 10, 9], "texture": "#0"},
				"east": {"uv": [2, 8, 4, 16], "texture": "#0"},
				"south": {"uv": [5, 6, 7, 16], "texture": "#0"},
				"west": {"uv": [5, 6, 7, 16], "texture": "#0"},
				"up": {"uv": [2, 10, 3, 11], "rotation": 90, "texture": "#0"},
				"down": {"uv": [0, 0, 1, 1], "rotation": 270, "texture": "#missing"}
			}
		},
		{
			"from": [7.4, 0.25, 8.81066],
			"to": [9.35, 4, 9.31066],
			"rotation": {"angle": 0, "axis": "y", "origin": [8, 12.125, 9.06066]},
			"faces": {
				"north": {"uv": [3, 11, 4, 12], "texture": "#0"},
				"east": {"uv": [2, 11, 3, 12], "texture": "#0"},
				"south": {"uv": [2, 10, 4, 14], "texture": "#0"},
				"west": {"uv": [1, 9, 2, 10], "texture": "#0"},
				"up": {"uv": [2, 10, 3, 11], "rotation": 90, "texture": "#0"},
				"down": {"uv": [9, 10, 10, 11], "rotation": 270, "texture": "#0"}
			}
		},
		{
			"from": [7.75, 0.25, 7.06066],
			"to": [9, 2.75, 7.56066],
			"rotation": {"angle": 0, "axis": "y", "origin": [8, 12.125, 9.06066]},
			"faces": {
				"north": {"uv": [8, 11, 6, 14], "texture": "#0"},
				"east": {"uv": [2, 11, 3, 12], "texture": "#0"},
				"south": {"uv": [2, 13, 3, 14], "texture": "#0"},
				"west": {"uv": [1, 9, 2, 10], "texture": "#0"},
				"up": {"uv": [2, 10, 3, 11], "rotation": 90, "texture": "#0"},
				"down": {"uv": [10, 9, 11, 10], "rotation": 270, "texture": "#0"}
			}
		},
		{
			"from": [7.55, -8.5, 9.06066],
			"to": [9.1, 0.5, 10.81066],
			"rotation": {"angle": -22.5, "axis": "x", "origin": [8.375, -4, 8.43566]},
			"faces": {
				"north": {"uv": [6, 4, 8, 16], "texture": "#0"},
				"east": {"uv": [6, 8, 8, 16], "texture": "#0"},
				"south": {"uv": [6, 7, 8, 16], "texture": "#0"},
				"west": {"uv": [6, 6, 8, 16], "texture": "#0"},
				"up": {"uv": [0, 0, 1, 1], "rotation": 90, "texture": "#missing"},
				"down": {"uv": [8, 9, 11, 11], "rotation": 270, "texture": "#0"}
			}
		},
		{
			"from": [7.4, -8, 9.31066],
			"to": [9.35, -4.25, 11.06066],
			"rotation": {"angle": 0, "axis": "x", "origin": [8.375, -4, 8.43566]},
			"faces": {
				"north": {"uv": [0, 9, 1, 10], "texture": "#0"},
				"east": {"uv": [1, 9, 3, 14], "texture": "#0"},
				"south": {"uv": [2, 10, 3, 11], "texture": "#0"},
				"west": {"uv": [0, 10, 3, 15], "texture": "#0"},
				"up": {"uv": [9, 11, 10, 12], "rotation": 90, "texture": "#0"},
				"down": {"uv": [9, 9, 11, 11], "rotation": 270, "texture": "#0"}
			}
		},
		{
			"from": [7.75, -8, 8.06066],
			"to": [9, -3.5, 9.31066],
			"rotation": {"angle": 0, "axis": "x", "origin": [8.375, -4, 8.43566]},
			"faces": {
				"north": {"uv": [8, 8, 10, 13], "texture": "#0"},
				"east": {"uv": [3, 9, 5, 16], "texture": "#0"},
				"south": {"uv": [0, 0, 1, 1], "texture": "#missing"},
				"west": {"uv": [3, 10, 5, 16], "texture": "#0"},
				"up": {"uv": [9, 11, 10, 12], "rotation": 90, "texture": "#0"},
				"down": {"uv": [9, 11, 10, 12], "rotation": 270, "texture": "#0"}
			}
		},
		{
			"from": [7.85, -4, 8.56066],
			"to": [8.9, -1.5, 9.71066],
			"rotation": {"angle": 22.5, "axis": "x", "origin": [8.375, -2.75, 9.08566]},
			"faces": {
				"north": {"uv": [8, 8, 10, 13], "texture": "#0"},
				"east": {"uv": [3, 9, 5, 16], "texture": "#0"},
				"south": {"uv": [0, 0, 1, 1], "texture": "#missing"},
				"west": {"uv": [3, 10, 5, 16], "texture": "#0"},
				"up": {"uv": [9, 11, 10, 12], "rotation": 90, "texture": "#0"},
				"down": {"uv": [9, 11, 10, 12], "rotation": 270, "texture": "#0"}
			}
		},
		{
			"from": [7.3, 0.5, 7.56066],
			"to": [9.45, 4, 8.81066],
			"rotation": {"angle": 0, "axis": "y", "origin": [8, 12.125, 9.06066]},
			"faces": {
				"north": {"uv": [0, 0, 1, 1], "texture": "#0"},
				"east": {"uv": [3, 3, 5, 7], "texture": "#0"},
				"south": {"uv": [0, 0, 1, 1], "texture": "#0"},
				"west": {"uv": [3, 3, 5, 7], "texture": "#0"},
				"up": {"uv": [0, 0, 1, 1], "rotation": 90, "texture": "#0"},
				"down": {"uv": [2, 3, 4, 5], "rotation": 270, "texture": "#0"}
			}
		},
		{
			"from": [9.45, 2.5, 8.26066],
			"to": [10.45, 3.75, 8.51066],
			"rotation": {"angle": 0, "axis": "y", "origin": [8.2, 12.125, 9.26066]},
			"faces": {
				"north": {"uv": [0, 0, 1, 1], "texture": "#0"},
				"east": {"uv": [2, 3, 3, 4], "texture": "#0"},
				"south": {"uv": [0, 0, 1, 1], "texture": "#0"},
				"west": {"uv": [0, 0, 1, 1], "texture": "#0"},
				"up": {"uv": [0, 0, 1, 1], "rotation": 90, "texture": "#0"},
				"down": {"uv": [2, 4, 3, 5], "rotation": 270, "texture": "#0"}
			}
		},
		{
			"from": [6.55, 2.9, 8.06066],
			"to": [7.15, 3.45, 8.31066],
			"rotation": {"angle": 0, "axis": "y", "origin": [5.1, 12.125, 9.06066]},
			"faces": {
				"north": {"uv": [14, 1, 15, 2], "texture": "#0"},
				"east": {"uv": [13, 1, 14, 2], "texture": "#0"},
				"south": {"uv": [13, 1, 14, 2], "texture": "#0"},
				"west": {"uv": [14, 1, 15, 2], "texture": "#0"},
				"up": {"uv": [15, 2, 16, 3], "rotation": 90, "texture": "#0"},
				"down": {"uv": [14, 1, 15, 2], "rotation": 270, "texture": "#0"}
			}
		},
		{
			"from": [9.65, 2.9, 8.06066],
			"to": [10.25, 3.45, 8.31066],
			"rotation": {"angle": 0, "axis": "y", "origin": [8.2, 12.125, 9.06066]},
			"faces": {
				"north": {"uv": [14, 1, 15, 2], "texture": "#0"},
				"east": {"uv": [13, 1, 14, 2], "texture": "#0"},
				"south": {"uv": [13, 1, 14, 2], "texture": "#0"},
				"west": {"uv": [14, 1, 15, 2], "texture": "#0"},
				"up": {"uv": [15, 2, 16, 3], "rotation": 90, "texture": "#0"},
				"down": {"uv": [14, 1, 15, 2], "rotation": 270, "texture": "#0"}
			}
		},
		{
			"from": [8.2, 0.6, 10.06066],
			"to": [8.55, 2.4, 10.31066],
			"rotation": {"angle": 0, "axis": "y", "origin": [8, 12.125, 9.06066]},
			"faces": {
				"north": {"uv": [0, 0, 1, 1], "texture": "#0"},
				"east": {"uv": [2, 3, 3, 4], "texture": "#0"},
				"south": {"uv": [0, 0, 1, 1], "texture": "#0"},
				"west": {"uv": [0, 0, 1, 1], "texture": "#0"},
				"up": {"uv": [0, 0, 1, 1], "rotation": 90, "texture": "#0"},
				"down": {"uv": [2, 4, 3, 5], "rotation": 270, "texture": "#0"}
			}
		},
		{
			"from": [8.2, 0.35, 8.56066],
			"to": [8.55, 0.6, 10.31066],
			"rotation": {"angle": 0, "axis": "x", "origin": [8.375, 1.85, 10.18566]},
			"faces": {
				"north": {"uv": [0, 0, 1, 1], "texture": "#0"},
				"east": {"uv": [2, 3, 3, 4], "texture": "#0"},
				"south": {"uv": [0, 0, 1, 1], "texture": "#0"},
				"west": {"uv": [0, 0, 1, 1], "texture": "#0"},
				"up": {"uv": [0, 0, 1, 1], "rotation": 90, "texture": "#0"},
				"down": {"uv": [2, 4, 3, 5], "rotation": 270, "texture": "#0"}
			}
		},
		{
			"from": [8.2, 1.7, 8.56066],
			"to": [8.55, 1.95, 9.81066],
			"rotation": {"angle": 0, "axis": "x", "origin": [8.375, 2.45, 10.18566]},
			"faces": {
				"north": {"uv": [0, 0, 1, 1], "texture": "#0"},
				"east": {"uv": [2, 3, 3, 4], "texture": "#0"},
				"south": {"uv": [0, 0, 1, 1], "texture": "#0"},
				"west": {"uv": [0, 0, 1, 1], "texture": "#0"},
				"up": {"uv": [0, 0, 1, 1], "rotation": 90, "texture": "#0"},
				"down": {"uv": [2, 4, 3, 5], "rotation": 270, "texture": "#0"}
			}
		},
		{
			"from": [8.2, 0.9, 8.56066],
			"to": [8.55, 1.15, 10.01066],
			"rotation": {"angle": 0, "axis": "x", "origin": [8.375, 1.65, 10.18566]},
			"faces": {
				"north": {"uv": [0, 0, 1, 1], "texture": "#0"},
				"east": {"uv": [2, 3, 3, 4], "texture": "#0"},
				"south": {"uv": [0, 0, 1, 1], "texture": "#0"},
				"west": {"uv": [0, 0, 1, 1], "texture": "#0"},
				"up": {"uv": [0, 0, 1, 1], "rotation": 90, "texture": "#0"},
				"down": {"uv": [2, 4, 3, 5], "rotation": 270, "texture": "#0"}
			}
		},
		{
			"from": [8.1, 2.4, 9.31066],
			"to": [8.65, 2.65, 10.31066],
			"rotation": {"angle": 22.5, "axis": "x", "origin": [8.375, 2.525, 9.81066]},
			"faces": {
				"north": {"uv": [0, 0, 1, 1], "texture": "#0"},
				"east": {"uv": [8, 11, 11, 12], "texture": "#0"},
				"south": {"uv": [9, 7, 11, 8], "texture": "#0"},
				"west": {"uv": [8, 10, 11, 11], "texture": "#0"},
				"up": {"uv": [8, 9, 11, 11], "rotation": 90, "texture": "#0"},
				"down": {"uv": [8, 8, 11, 10], "rotation": 270, "texture": "#0"}
			}
		},
		{
			"from": [9.45, 2.5, 7.51066],
			"to": [10.2, 2.75, 8.26066],
			"rotation": {"angle": 0, "axis": "y", "origin": [8.2, 12.125, 9.26066]},
			"faces": {
				"north": {"uv": [0, 0, 1, 1], "texture": "#0"},
				"east": {"uv": [2, 3, 3, 4], "texture": "#0"},
				"south": {"uv": [0, 0, 1, 1], "texture": "#0"},
				"west": {"uv": [0, 0, 1, 1], "texture": "#0"},
				"up": {"uv": [0, 0, 1, 1], "rotation": 90, "texture": "#0"},
				"down": {"uv": [2, 4, 3, 5], "rotation": 270, "texture": "#0"}
			}
		},
		{
			"from": [9.45, 1.25, 6.51066],
			"to": [9.95, 1.75, 8.26066],
			"rotation": {"angle": 45, "axis": "x", "origin": [9.7, 1.3125, 8.19816]},
			"faces": {
				"north": {"uv": [0, 0, 1, 1], "texture": "#0"},
				"east": {"uv": [2, 3, 3, 4], "texture": "#0"},
				"south": {"uv": [0, 0, 1, 1], "texture": "#0"},
				"west": {"uv": [0, 0, 1, 1], "texture": "#0"},
				"up": {"uv": [0, 0, 1, 1], "rotation": 90, "texture": "#0"},
				"down": {"uv": [2, 4, 3, 5], "rotation": 270, "texture": "#0"}
			}
		},
		{
			"from": [7.75, 1.25, 6.56066],
			"to": [8.25, 1.75, 7.06066],
			"rotation": {"angle": 0, "axis": "y", "origin": [8, 12.125, 9.06066]},
			"faces": {
				"north": {"uv": [0, 0, 1, 1], "texture": "#0"},
				"east": {"uv": [2, 3, 3, 4], "texture": "#0"},
				"south": {"uv": [0, 0, 1, 1], "texture": "#0"},
				"west": {"uv": [0, 0, 1, 1], "texture": "#0"},
				"up": {"uv": [0, 0, 1, 1], "rotation": 90, "texture": "#0"},
				"down": {"uv": [2, 4, 3, 5], "rotation": 270, "texture": "#0"}
			}
		},
		{
			"from": [8.15, 19.25, 7.01066],
			"to": [8.65, 19.75, 7.51066],
			"rotation": {"angle": 0, "axis": "y", "origin": [8.4, 30.125, 9.51066]},
			"faces": {
				"north": {"uv": [0, 0, 1, 1], "texture": "#0"},
				"east": {"uv": [2, 3, 3, 4], "texture": "#0"},
				"south": {"uv": [0, 0, 1, 1], "texture": "#0"},
				"west": {"uv": [0, 0, 1, 1], "texture": "#0"},
				"up": {"uv": [0, 0, 1, 1], "rotation": 90, "texture": "#0"},
				"down": {"uv": [2, 4, 3, 5], "rotation": 270, "texture": "#0"}
			}
		},
		{
			"from": [8.5, 1.25, 6.56066],
			"to": [9, 1.75, 7.06066],
			"rotation": {"angle": 0, "axis": "y", "origin": [8, 12.125, 9.06066]},
			"faces": {
				"north": {"uv": [0, 0, 1, 1], "texture": "#0"},
				"east": {"uv": [2, 3, 3, 4], "texture": "#0"},
				"south": {"uv": [0, 0, 1, 1], "texture": "#0"},
				"west": {"uv": [0, 0, 1, 1], "texture": "#0"},
				"up": {"uv": [0, 0, 1, 1], "rotation": 90, "texture": "#0"},
				"down": {"uv": [2, 4, 3, 5], "rotation": 270, "texture": "#0"}
			}
		},
		{
			"from": [9.45, 1.25, 8.26066],
			"to": [10.2, 1.75, 8.76066],
			"rotation": {"angle": 0, "axis": "y", "origin": [8.2, 12.125, 9.26066]},
			"faces": {
				"north": {"uv": [0, 0, 1, 1], "texture": "#0"},
				"east": {"uv": [2, 3, 3, 4], "texture": "#0"},
				"south": {"uv": [0, 0, 1, 1], "texture": "#0"},
				"west": {"uv": [0, 0, 1, 1], "texture": "#0"},
				"up": {"uv": [0, 0, 1, 1], "rotation": 90, "texture": "#0"},
				"down": {"uv": [2, 4, 3, 5], "rotation": 270, "texture": "#0"}
			}
		},
		{
			"from": [9.45, 1.75, 6.76066],
			"to": [9.95, 2.5, 7.26066],
			"rotation": {"angle": 45, "axis": "x", "origin": [9.7, 1.3125, 8.19816]},
			"faces": {
				"north": {"uv": [0, 0, 1, 1], "texture": "#0"},
				"east": {"uv": [2, 3, 3, 4], "texture": "#0"},
				"south": {"uv": [0, 0, 1, 1], "texture": "#0"},
				"west": {"uv": [0, 0, 1, 1], "texture": "#0"},
				"up": {"uv": [0, 0, 1, 1], "rotation": 90, "texture": "#0"},
				"down": {"uv": [2, 4, 3, 5], "rotation": 270, "texture": "#0"}
			}
		},
		{
			"from": [6.35, 2.5, 8.26066],
			"to": [7.35, 3.75, 8.51066],
			"rotation": {"angle": 0, "axis": "y", "origin": [5.1, 12.125, 9.26066]},
			"faces": {
				"north": {"uv": [0, 0, 1, 1], "texture": "#0"},
				"east": {"uv": [2, 3, 3, 4], "texture": "#0"},
				"south": {"uv": [0, 0, 1, 1], "texture": "#0"},
				"west": {"uv": [0, 0, 1, 1], "texture": "#0"},
				"up": {"uv": [0, 0, 1, 1], "rotation": 90, "texture": "#0"},
				"down": {"uv": [2, 4, 3, 5], "rotation": 270, "texture": "#0"}
			}
		},
		{
			"from": [6.84, 1.76961, 6.88122],
			"to": [7.34, 2.26961, 8.63122],
			"rotation": {"angle": 45, "axis": "x", "origin": [7.1, 2.01961, 7.75622]},
			"faces": {
				"north": {"uv": [0, 0, 1, 1], "texture": "#0"},
				"east": {"uv": [2, 3, 3, 4], "texture": "#0"},
				"south": {"uv": [0, 0, 1, 1], "texture": "#0"},
				"west": {"uv": [0, 0, 1, 1], "texture": "#0"},
				"up": {"uv": [0, 0, 1, 1], "rotation": 90, "texture": "#0"},
				"down": {"uv": [2, 4, 3, 5], "rotation": 270, "texture": "#0"}
			}
		},
		{
			"from": [6.6, 1.25, 8.26066],
			"to": [7.35, 1.75, 8.76066],
			"rotation": {"angle": 0, "axis": "y", "origin": [5.25, 12.125, 9.26066]},
			"faces": {
				"north": {"uv": [0, 0, 1, 1], "texture": "#0"},
				"east": {"uv": [2, 3, 3, 4], "texture": "#0"},
				"south": {"uv": [0, 0, 1, 1], "texture": "#0"},
				"west": {"uv": [0, 0, 1, 1], "texture": "#0"},
				"up": {"uv": [0, 0, 1, 1], "rotation": 90, "texture": "#0"},
				"down": {"uv": [2, 4, 3, 5], "rotation": 270, "texture": "#0"}
			}
		},
		{
			"from": [6.84, 1.75, 6.76066],
			"to": [7.34, 2.5, 7.26066],
			"rotation": {"angle": 45, "axis": "x", "origin": [7.1, 1.3125, 8.19816]},
			"faces": {
				"north": {"uv": [0, 0, 1, 1], "texture": "#0"},
				"east": {"uv": [2, 3, 3, 4], "texture": "#0"},
				"south": {"uv": [0, 0, 1, 1], "texture": "#0"},
				"west": {"uv": [0, 0, 1, 1], "texture": "#0"},
				"up": {"uv": [0, 0, 1, 1], "rotation": 90, "texture": "#0"},
				"down": {"uv": [2, 4, 3, 5], "rotation": 270, "texture": "#0"}
			}
		},
		{
			"from": [6.55, 2.5, 7.51066],
			"to": [7.3, 2.75, 8.26066],
			"rotation": {"angle": 0, "axis": "y", "origin": [5.3, 12.125, 9.26066]},
			"faces": {
				"north": {"uv": [0, 0, 1, 1], "texture": "#0"},
				"east": {"uv": [2, 3, 3, 4], "texture": "#0"},
				"south": {"uv": [0, 0, 1, 1], "texture": "#0"},
				"west": {"uv": [0, 0, 1, 1], "texture": "#0"},
				"up": {"uv": [0, 0, 1, 1], "rotation": 90, "texture": "#0"},
				"down": {"uv": [2, 4, 3, 5], "rotation": 270, "texture": "#0"}
			}
		}
	],
	"display": {
		"thirdperson_righthand": {
			"rotation": [-90, -180, 0],
			"translation": [0.25, 0.5, -4.75],
			"scale": [0.62, 0.62, 0.62]
		},
		"thirdperson_lefthand": {
			"rotation": [-90, -180, 0],
			"translation": [0.25, 0.5, -3.5],
			"scale": [0.73, 0.62, 0.62]
		},
		"firstperson_righthand": {
			"rotation": [-85, 180, 0],
			"translation": [0, 4, -2],
			"scale": [0.75, 0.75, 0.75]
		},
		"firstperson_lefthand": {
			"rotation": [-85, 180, 0],
			"translation": [-0.5, 4.5, -2],
			"scale": [0.75, 0.75, 0.75]
		},
		"ground": {
			"rotation": [-180, 0, 0],
			"translation": [0, 3.5, 1],
			"scale": [0.52, 0.52, 0.52]
		},
		"gui": {
			"rotation": [87, -42, 89],
			"translation": [-0.5, 1.5, 0],
			"scale": [0.73, 0.73, 0.73]
		},
		"fixed": {
			"rotation": [90, 39, -90],
			"translation": [0.75, 2, 0],
			"scale": [0.85, 0.85, 0.85]
		}
	}
}