{
	"credit": "Made with Blockbench",
	"textures": {
		"0": "item/black_powder"
	},
	"elements": [
		{
			"from": [7.5, 3.75, 8],
			"to": [8.5, 10, 9],
			"rotation": {"angle": 0, "axis": "y", "origin": [0, 1, 0]},
			"faces": {
				"north": {"uv": [0, 0, 1, 1], "texture": "#missing"},
				"east": {"uv": [2, 7, 3, 16], "texture": "#0"},
				"south": {"uv": [1, 8, 3, 16], "texture": "#0"},
				"west": {"uv": [2, 8, 3, 16], "texture": "#0"},
				"up": {"uv": [1, 8, 2, 9], "texture": "#0"},
				"down": {"uv": [0, 0, 1, 1], "texture": "#missing"}
			}
		},
		{
			"from": [7.25, 2, 8],
			"to": [8.75, 4.75, 9.25],
			"rotation": {"angle": 0, "axis": "y", "origin": [0, 1, 0]},
			"faces": {
				"north": {"uv": [3, 3, 5, 7], "texture": "#0"},
				"east": {"uv": [3, 2, 5, 7], "texture": "#0"},
				"south": {"uv": [3, 3, 5, 7], "texture": "#0"},
				"west": {"uv": [3, 3, 5, 7], "texture": "#0"},
				"up": {"uv": [0, 0, 1, 1], "texture": "#0"},
				"down": {"uv": [4, 13, 6, 15], "texture": "#0"}
			}
		},
		{
			"from": [7.5, 4.75, 9],
			"to": [8.5, 5.25, 10],
			"rotation": {"angle": 0, "axis": "y", "origin": [0, 1, 0]},
			"faces": {
				"north": {"uv": [0, 0, 1, 1], "texture": "#missing"},
				"east": {"uv": [9, 10, 11, 11], "texture": "#0"},
				"south": {"uv": [3, 7, 4, 4], "texture": "#0"},
				"west": {"uv": [9, 10, 11, 11], "texture": "#0"},
				"up": {"uv": [9, 9, 11, 11], "texture": "#0"},
				"down": {"uv": [9, 9, 11, 11], "texture": "#0"}
			}
		},
		{
			"from": [7.5, 2.75, 9],
			"to": [8.5, 3.25, 10],
			"rotation": {"angle": 0, "axis": "y", "origin": [0, 1, 0]},
			"faces": {
				"north": {"uv": [0, 0, 1, 1], "texture": "#missing"},
				"east": {"uv": [0, 0, 1, 1], "texture": "#0"},
				"south": {"uv": [0, 0, 1, 1], "texture": "#0"},
				"west": {"uv": [0, 0, 1, 1], "texture": "#0"},
				"up": {"uv": [0, 0, 1, 1], "texture": "#0"},
				"down": {"uv": [0, 0, 1, 1], "texture": "#0"}
			}
		},
		{
			"from": [7.75, 3, 9.75],
			"to": [8.25, 5, 10.25],
			"rotation": {"angle": 0, "axis": "x", "origin": [8, 4, 10.25]},
			"faces": {
				"north": {"uv": [0, 0, 1, 1], "texture": "#0"},
				"east": {"uv": [0, 1, 1, 4], "texture": "#0"},
				"south": {"uv": [0, 1, 1, 5], "texture": "#0"},
				"west": {"uv": [0, 1, 1, 5], "texture": "#0"},
				"up": {"uv": [0, 0, 1, 1], "texture": "#0"},
				"down": {"uv": [0, 0, 1, 1], "texture": "#0"}
			}
		},
		{
			"from": [8.75, 3, 8.75],
			"to": [9.5, 4.25, 9.25],
			"rotation": {"angle": 0, "axis": "x", "origin": [8, 4, 10.25]},
			"faces": {
				"north": {"uv": [0, 0, 1, 1], "texture": "#0"},
				"east": {"uv": [0, 0, 1, 1], "texture": "#0"},
				"south": {"uv": [3, 3, 5, 6], "texture": "#0"},
				"west": {"uv": [0, 0, 1, 1], "texture": "#missing"},
				"up": {"uv": [0, 0, 1, 1], "texture": "#0"},
				"down": {"uv": [0, 0, 1, 1], "texture": "#0"}
			}
		},
		{
			"from": [7.5, 3, 7.5],
			"to": [9, 3.75, 8.75],
			"rotation": {"angle": 0, "axis": "y", "origin": [0, 1, 0]},
			"faces": {
				"north": {"uv": [0, 1, 2, 2], "texture": "#0"},
				"east": {"uv": [2, 3, 5, 5], "texture": "#0"},
				"south": {"uv": [0, 0, 1, 1], "texture": "#0"},
				"west": {"uv": [0, 0, 1, 1], "texture": "#0"},
				"up": {"uv": [0, 0, 1, 1], "texture": "#0"},
				"down": {"uv": [0, 0, 1, 1], "texture": "#0"}
			}
		},
		{
			"from": [8.25, 3.25, 7],
			"to": [9.25, 3.5, 8],
			"rotation": {"angle": -45, "axis": "y", "origin": [8, 3.25, 7]},
			"faces": {
				"north": {"uv": [0, 1, 2, 2], "texture": "#0"},
				"east": {"uv": [2, 3, 5, 5], "texture": "#0"},
				"south": {"uv": [0, 0, 1, 1], "texture": "#0"},
				"west": {"uv": [0, 0, 1, 1], "texture": "#0"},
				"up": {"uv": [0, 0, 1, 1], "texture": "#0"},
				"down": {"uv": [0, 0, 2, 2], "texture": "#0"}
			}
		},
		{
			"from": [8, 3.5, 7.25],
			"to": [9, 4, 8.25],
			"rotation": {"angle": -45, "axis": "y", "origin": [8, 3.25, 7]},
			"faces": {
				"north": {"uv": [0, 1, 2, 2], "texture": "#0"},
				"east": {"uv": [2, 3, 5, 5], "texture": "#0"},
				"south": {"uv": [0, 0, 1, 1], "texture": "#0"},
				"west": {"uv": [0, 0, 1, 1], "texture": "#0"},
				"up": {"uv": [0, 0, 1, 1], "texture": "#0"},
				"down": {"uv": [3, 3, 5, 5], "texture": "#0"}
			}
		},
		{
			"from": [8.25, 9.5, 7.25],
			"to": [8.75, 10, 7.75],
			"rotation": {"angle": -45, "axis": "y", "origin": [8, 3.25, 7]},
			"faces": {
				"north": {"uv": [2, 2, 3, 3], "texture": "#0"},
				"east": {"uv": [2, 3, 5, 5], "texture": "#0"},
				"south": {"uv": [0, 0, 1, 1], "texture": "#0"},
				"west": {"uv": [1, 0, 2, 1], "texture": "#0"},
				"up": {"uv": [2, 2, 3, 3], "texture": "#0"},
				"down": {"uv": [1, 2, 2, 3], "texture": "#0"}
			}
		},
		{
			"from": [8.75, 2.5, 6.75],
			"to": [9.25, 3, 8.75],
			"rotation": {"angle": 45, "axis": "x", "origin": [8.75, 2.75, 8.75]},
			"faces": {
				"north": {"uv": [0, 0, 1, 1], "texture": "#0"},
				"east": {"uv": [2, 4, 5, 5], "texture": "#0"},
				"south": {"uv": [0, 0, 1, 1], "texture": "#0"},
				"west": {"uv": [0, 0, 1, 1], "texture": "#0"},
				"up": {"uv": [3, 4, 4, 7], "texture": "#0"},
				"down": {"uv": [0, 1, 1, 4], "texture": "#0"}
			}
		},
		{
			"from": [7.75, 3.5, 9.25],
			"to": [8.25, 4, 9.75],
			"rotation": {"angle": 0, "axis": "y", "origin": [0, 1, 0]},
			"faces": {
				"north": {"uv": [0, 0, 1, 1], "texture": "#missing"},
				"east": {"uv": [0, 0, 1, 1], "texture": "#0"},
				"south": {"uv": [0, 0, 1, 1], "texture": "#0"},
				"west": {"uv": [0, 0, 1, 1], "texture": "#0"},
				"up": {"uv": [0, 0, 1, 1], "texture": "#0"},
				"down": {"uv": [0, 0, 1, 1], "texture": "#0"}
			}
		},
		{
			"from": [7.5, 0.25, 8.75],
			"to": [8.5, 3, 10],
			"rotation": {"angle": -45, "axis": "x", "origin": [8, 1.375, 8.625]},
			"faces": {
				"north": {"uv": [2, 9, 4, 13], "texture": "#0"},
				"east": {"uv": [1, 11, 3, 15], "texture": "#0"},
				"south": {"uv": [2, 11, 3, 12], "texture": "#0"},
				"west": {"uv": [1, 10, 3, 14], "texture": "#0"},
				"up": {"uv": [2, 4, 3, 5], "texture": "#0"},
				"down": {"uv": [0, 0, 1, 1], "texture": "#missing"}
			}
		},
		{
			"from": [7.25, -0.75, 8.5],
			"to": [8.75, 0.25, 10.25],
			"rotation": {"angle": -45, "axis": "x", "origin": [8, 1.375, 8.625]},
			"faces": {
				"north": {"uv": [9, 11, 11, 12], "texture": "#0"},
				"east": {"uv": [9, 10, 11, 11], "texture": "#0"},
				"south": {"uv": [10, 9, 11, 11], "rotation": 90, "texture": "#0"},
				"west": {"uv": [9, 11, 11, 12], "texture": "#0"},
				"up": {"uv": [1, 10, 4, 13], "texture": "#0"},
				"down": {"uv": [9, 8, 11, 9], "texture": "#0"}
			}
		},
		{
			"from": [7, 3.5, 7.5],
			"to": [8, 10.25, 8.5],
			"rotation": {"angle": 45, "axis": "y", "origin": [8, 5.5, 7.5]},
			"faces": {
				"north": {"uv": [0, 0, 1, 7], "texture": "#0"},
				"east": {"uv": [0, 0, 1, 7], "texture": "#0"},
				"south": {"uv": [0, 0, 1, 7], "texture": "#0"},
				"west": {"uv": [0, 0, 1, 7], "texture": "#0"},
				"up": {"uv": [15, 2, 14, 1], "texture": "#0"},
				"down": {"uv": [5, 1, 4, 2], "texture": "#0"}
			}
		}
	],
	"display": {
		"thirdperson_righthand": {
			"rotation": [-90, -180, 0],
			"translation": [0, 0.75, -6],
			"scale": [1.35, 1.35, 1.35]
		},
		"thirdperson_lefthand": {
			"rotation": [-90, -180, 0],
			"translation": [0, 0.75, -6],
			"scale": [1.35, 1.35, 1.35]
		},
		"firstperson_righthand": {
			"rotation": [-85, 180, 0],
			"translation": [0.75, 5.5, -3.75],
			"scale": [1.1, 1.1, 1.1]
		},
		"firstperson_lefthand": {
			"rotation": [-85, 180, 0],
			"translation": [0.75, 5.5, -3.75],
			"scale": [1.1, 1.1, 1.1]
		},
		"ground": {
			"rotation": [180, 0, 0],
			"translation": [0, -1.25, 1],
			"scale": [1.02, 1.02, 1.02]
		},
		"gui": {
			"rotation": [90, -35, 90],
			"translation": [-3, 5, 0],
			"scale": [2, 2, 2]
		},
		"fixed": {
			"rotation": [90, 35, -90],
			"translation": [3.25, 5, 0],
			"scale": [2, 2, 2]
		}
	}
}