{
	"credit": "Made with Blockbench",
	"textures": {
		"0": "item/black_powder"
	},
	"elements": [
		{
			"from": [7.5, 2.75, 7],
			"to": [8.5, 21, 8],
			"rotation": {"angle": -45, "axis": "y", "origin": [8, 5, 8]},
			"faces": {
				"north": {"uv": [11, 0, 12, 16], "texture": "#0"},
				"east": {"uv": [11, 0, 12, 16], "texture": "#0"},
				"south": {"uv": [11, 0, 12, 16], "texture": "#0"},
				"west": {"uv": [11, 0, 12, 16], "texture": "#0"},
				"up": {"uv": [14, 1, 15, 2], "texture": "#0"},
				"down": {"uv": [1, 3, 2, 4], "texture": "#0"}
			}
		},
		{
			"from": [8.5, 4, 8],
			"to": [9, 20.25, 8.5],
			"rotation": {"angle": -45, "axis": "y", "origin": [8, 5, 8]},
			"faces": {
				"north": {"uv": [8, 4, 9, 16], "texture": "#0"},
				"east": {"uv": [10, 4, 11, 16], "texture": "#0"},
				"south": {"uv": [10, 16, 11, 4], "rotation": 180, "texture": "#0"},
				"west": {"uv": [10, 4, 11, 16], "texture": "#0"},
				"up": {"uv": [6, 10, 7, 11], "texture": "#0"},
				"down": {"uv": [0, 0, 1, 1], "texture": "#missing"}
			}
		},
		{
			"from": [7.25, 16.5, 6.75],
			"to": [8.75, 17, 8.25],
			"rotation": {"angle": -45, "axis": "y", "origin": [8, 5, 8]},
			"faces": {
				"north": {"uv": [8, 8, 10, 9], "texture": "#0"},
				"east": {"uv": [10, 9, 11, 10], "texture": "#0"},
				"south": {"uv": [9, 9, 10, 10], "texture": "#0"},
				"west": {"uv": [9, 10, 11, 11], "texture": "#0"},
				"up": {"uv": [9, 9, 11, 11], "texture": "#0"},
				"down": {"uv": [9, 10, 10, 11], "texture": "#0"}
			}
		},
		{
			"from": [8, 16, 7.5],
			"to": [9.5, 16.5, 9],
			"rotation": {"angle": -45, "axis": "y", "origin": [8, 5, 8]},
			"faces": {
				"north": {"uv": [8, 8, 9, 9], "texture": "#0"},
				"east": {"uv": [10, 9, 11, 10], "texture": "#0"},
				"south": {"uv": [9, 11, 11, 12], "texture": "#0"},
				"west": {"uv": [9, 10, 10, 11], "texture": "#0"},
				"up": {"uv": [9, 9, 10, 10], "texture": "#0"},
				"down": {"uv": [8, 8, 10, 10], "texture": "#0"}
			}
		},
		{
			"from": [7.75, 16.25, 7.25],
			"to": [9, 16.75, 8.5],
			"rotation": {"angle": -45, "axis": "y", "origin": [8, 5, 8]},
			"faces": {
				"north": {"uv": [8, 8, 9, 9], "texture": "#0"},
				"east": {"uv": [10, 9, 11, 10], "texture": "#0"},
				"south": {"uv": [9, 9, 10, 10], "texture": "#0"},
				"west": {"uv": [9, 10, 10, 11], "texture": "#0"},
				"up": {"uv": [9, 9, 10, 10], "texture": "#0"},
				"down": {"uv": [9, 9, 10, 10], "texture": "#0"}
			}
		},
		{
			"from": [8.25, 9, 7.75],
			"to": [9.75, 9.5, 9.25],
			"rotation": {"angle": -45, "axis": "y", "origin": [8, 5, 8]},
			"faces": {
				"north": {"uv": [8, 8, 9, 9], "texture": "#0"},
				"east": {"uv": [10, 9, 11, 10], "texture": "#0"},
				"south": {"uv": [8, 8, 10, 10], "texture": "#0"},
				"west": {"uv": [9, 10, 10, 11], "texture": "#0"},
				"up": {"uv": [9, 8, 11, 10], "texture": "#0"},
				"down": {"uv": [10, 9, 11, 10], "texture": "#0"}
			}
		},
		{
			"from": [7.75, 9.25, 7.25],
			"to": [9.25, 9.75, 8.75],
			"rotation": {"angle": -45, "axis": "y", "origin": [8, 5, 8]},
			"faces": {
				"north": {"uv": [8, 8, 9, 9], "texture": "#0"},
				"east": {"uv": [10, 9, 11, 10], "texture": "#0"},
				"south": {"uv": [9, 9, 10, 10], "texture": "#0"},
				"west": {"uv": [9, 10, 10, 11], "texture": "#0"},
				"up": {"uv": [9, 9, 10, 10], "texture": "#0"},
				"down": {"uv": [10, 11, 11, 12], "texture": "#0"}
			}
		},
		{
			"from": [7.25, 9.5, 6.75],
			"to": [8.75, 10, 8.25],
			"rotation": {"angle": -45, "axis": "y", "origin": [8, 5, 8]},
			"faces": {
				"north": {"uv": [8, 8, 9, 9], "texture": "#0"},
				"east": {"uv": [10, 9, 11, 10], "texture": "#0"},
				"south": {"uv": [9, 9, 10, 10], "texture": "#0"},
				"west": {"uv": [9, 10, 10, 11], "texture": "#0"},
				"up": {"uv": [9, 9, 11, 11], "texture": "#0"},
				"down": {"uv": [9, 9, 10, 10], "texture": "#0"}
			}
		},
		{
			"from": [7.75, 13, 7.66066],
			"to": [9, 19.25, 8.81066],
			"rotation": {"angle": 0, "axis": "y", "origin": [8, 12.125, 9.06066]},
			"faces": {
				"north": {"uv": [0, 0, 1, 1], "texture": "#missing"},
				"east": {"uv": [1, 7, 3, 16], "texture": "#0"},
				"south": {"uv": [1, 10, 3, 16], "texture": "#0"},
				"west": {"uv": [5, 7, 7, 16], "texture": "#0"},
				"up": {"uv": [2, 10, 3, 11], "rotation": 90, "texture": "#0"},
				"down": {"uv": [0, 0, 1, 1], "rotation": 270, "texture": "#missing"}
			}
		},
		{
			"from": [7.75, 4, 7.66066],
			"to": [9, 13, 9.31066],
			"rotation": {"angle": 0, "axis": "y", "origin": [8, 12.125, 9.06066]},
			"faces": {
				"north": {"uv": [9, 8, 10, 9], "texture": "#0"},
				"east": {"uv": [2, 8, 4, 16], "texture": "#0"},
				"south": {"uv": [5, 6, 7, 16], "texture": "#0"},
				"west": {"uv": [5, 6, 7, 16], "texture": "#0"},
				"up": {"uv": [2, 10, 3, 11], "rotation": 90, "texture": "#0"},
				"down": {"uv": [0, 0, 1, 1], "rotation": 270, "texture": "#missing"}
			}
		},
		{
			"from": [7.5, 0.25, 8.81066],
			"to": [9.25, 4, 9.31066],
			"rotation": {"angle": 0, "axis": "y", "origin": [8, 12.125, 9.06066]},
			"faces": {
				"north": {"uv": [3, 11, 4, 12], "texture": "#0"},
				"east": {"uv": [2, 11, 3, 12], "texture": "#0"},
				"south": {"uv": [2, 10, 4, 14], "texture": "#0"},
				"west": {"uv": [1, 9, 2, 10], "texture": "#0"},
				"up": {"uv": [2, 10, 3, 11], "rotation": 90, "texture": "#0"},
				"down": {"uv": [9, 10, 10, 11], "rotation": 270, "texture": "#0"}
			}
		},
		{
			"from": [7.75, 0.25, 7.06066],
			"to": [9, 2.75, 7.56066],
			"rotation": {"angle": 0, "axis": "y", "origin": [8, 12.125, 9.06066]},
			"faces": {
				"north": {"uv": [8, 11, 6, 14], "texture": "#0"},
				"east": {"uv": [2, 11, 3, 12], "texture": "#0"},
				"south": {"uv": [2, 13, 3, 14], "texture": "#0"},
				"west": {"uv": [1, 9, 2, 10], "texture": "#0"},
				"up": {"uv": [2, 10, 3, 11], "rotation": 90, "texture": "#0"},
				"down": {"uv": [10, 9, 11, 10], "rotation": 270, "texture": "#0"}
			}
		},
		{
			"from": [7.75, -8.5, 9.06066],
			"to": [9, 0.5, 10.81066],
			"rotation": {"angle": -22.5, "axis": "x", "origin": [8.375, -4, 8.43566]},
			"faces": {
				"north": {"uv": [6, 4, 8, 16], "texture": "#0"},
				"east": {"uv": [6, 8, 8, 16], "texture": "#0"},
				"south": {"uv": [6, 7, 8, 16], "texture": "#0"},
				"west": {"uv": [6, 6, 8, 16], "texture": "#0"},
				"up": {"uv": [0, 0, 1, 1], "rotation": 90, "texture": "#missing"},
				"down": {"uv": [8, 9, 11, 11], "rotation": 270, "texture": "#0"}
			}
		},
		{
			"from": [7.5, -8, 9.31066],
			"to": [9.25, -4.25, 11.06066],
			"rotation": {"angle": 0, "axis": "x", "origin": [8.375, -4, 8.43566]},
			"faces": {
				"north": {"uv": [0, 9, 1, 10], "texture": "#0"},
				"east": {"uv": [1, 9, 3, 14], "texture": "#0"},
				"south": {"uv": [2, 10, 3, 11], "texture": "#0"},
				"west": {"uv": [0, 10, 3, 15], "texture": "#0"},
				"up": {"uv": [9, 11, 10, 12], "rotation": 90, "texture": "#0"},
				"down": {"uv": [9, 9, 11, 11], "rotation": 270, "texture": "#0"}
			}
		},
		{
			"from": [7.75, -8, 8.06066],
			"to": [9, -3.5, 9.31066],
			"rotation": {"angle": 0, "axis": "x", "origin": [8.375, -4, 8.43566]},
			"faces": {
				"north": {"uv": [8, 8, 10, 13], "texture": "#0"},
				"east": {"uv": [3, 9, 5, 16], "texture": "#0"},
				"south": {"uv": [0, 0, 1, 1], "texture": "#missing"},
				"west": {"uv": [3, 10, 5, 16], "texture": "#0"},
				"up": {"uv": [9, 11, 10, 12], "rotation": 90, "texture": "#0"},
				"down": {"uv": [9, 11, 10, 12], "rotation": 270, "texture": "#0"}
			}
		},
		{
			"from": [7.5, 0.5, 7.56066],
			"to": [9.25, 4, 8.81066],
			"rotation": {"angle": 0, "axis": "y", "origin": [8, 12.125, 9.06066]},
			"faces": {
				"north": {"uv": [0, 0, 1, 1], "texture": "#0"},
				"east": {"uv": [3, 3, 5, 7], "texture": "#0"},
				"south": {"uv": [0, 0, 1, 1], "texture": "#0"},
				"west": {"uv": [3, 3, 5, 7], "texture": "#0"},
				"up": {"uv": [0, 0, 1, 1], "rotation": 90, "texture": "#0"},
				"down": {"uv": [2, 3, 4, 5], "rotation": 270, "texture": "#0"}
			}
		},
		{
			"from": [9.25, 2.5, 8.06066],
			"to": [10.25, 3.75, 8.31066],
			"rotation": {"angle": 0, "axis": "y", "origin": [8, 12.125, 9.06066]},
			"faces": {
				"north": {"uv": [0, 0, 1, 1], "texture": "#0"},
				"east": {"uv": [2, 3, 3, 4], "texture": "#0"},
				"south": {"uv": [0, 0, 1, 1], "texture": "#0"},
				"west": {"uv": [0, 0, 1, 1], "texture": "#0"},
				"up": {"uv": [0, 0, 1, 1], "rotation": 90, "texture": "#0"},
				"down": {"uv": [2, 4, 3, 5], "rotation": 270, "texture": "#0"}
			}
		},
		{
			"from": [9.25, 2.75, 7.81066],
			"to": [10, 3.5, 8.06066],
			"rotation": {"angle": 0, "axis": "y", "origin": [8, 12.125, 9.06066]},
			"faces": {
				"north": {"uv": [15, 12, 16, 13], "texture": "#0"},
				"east": {"uv": [14, 11, 15, 12], "texture": "#0"},
				"south": {"uv": [0, 0, 1, 1], "texture": "#0"},
				"west": {"uv": [0, 0, 1, 1], "texture": "#0"},
				"up": {"uv": [14, 12, 15, 13], "rotation": 90, "texture": "#0"},
				"down": {"uv": [14, 11, 15, 12], "rotation": 270, "texture": "#0"}
			}
		},
		{
			"from": [8, 1, 10.06066],
			"to": [8.75, 2.5, 10.31066],
			"rotation": {"angle": 0, "axis": "y", "origin": [8, 12.125, 9.06066]},
			"faces": {
				"north": {"uv": [0, 0, 1, 1], "texture": "#0"},
				"east": {"uv": [2, 3, 3, 4], "texture": "#0"},
				"south": {"uv": [0, 0, 1, 1], "texture": "#0"},
				"west": {"uv": [0, 0, 1, 1], "texture": "#0"},
				"up": {"uv": [0, 0, 1, 1], "rotation": 90, "texture": "#0"},
				"down": {"uv": [2, 4, 3, 5], "rotation": 270, "texture": "#0"}
			}
		},
		{
			"from": [8, 0.75, 8.56066],
			"to": [8.75, 1, 10.31066],
			"rotation": {"angle": 0, "axis": "x", "origin": [8.375, 2.25, 10.18566]},
			"faces": {
				"north": {"uv": [0, 0, 1, 1], "texture": "#0"},
				"east": {"uv": [2, 3, 3, 4], "texture": "#0"},
				"south": {"uv": [0, 0, 1, 1], "texture": "#0"},
				"west": {"uv": [0, 0, 1, 1], "texture": "#0"},
				"up": {"uv": [0, 0, 1, 1], "rotation": 90, "texture": "#0"},
				"down": {"uv": [2, 4, 3, 5], "rotation": 270, "texture": "#0"}
			}
		},
		{
			"from": [8, 1.5, 8.56066],
			"to": [8.75, 1.75, 9.81066],
			"rotation": {"angle": 0, "axis": "x", "origin": [8.375, 2.25, 10.18566]},
			"faces": {
				"north": {"uv": [0, 0, 1, 1], "texture": "#0"},
				"east": {"uv": [2, 3, 3, 4], "texture": "#0"},
				"south": {"uv": [0, 0, 1, 1], "texture": "#0"},
				"west": {"uv": [0, 0, 1, 1], "texture": "#0"},
				"up": {"uv": [0, 0, 1, 1], "rotation": 90, "texture": "#0"},
				"down": {"uv": [2, 4, 3, 5], "rotation": 270, "texture": "#0"}
			}
		},
		{
			"from": [8, 2.5, 9.31066],
			"to": [8.75, 2.75, 10.31066],
			"rotation": {"angle": 0, "axis": "y", "origin": [8, 12.125, 9.06066]},
			"faces": {
				"north": {"uv": [0, 0, 1, 1], "texture": "#0"},
				"east": {"uv": [8, 11, 11, 12], "texture": "#0"},
				"south": {"uv": [9, 7, 11, 8], "texture": "#0"},
				"west": {"uv": [8, 10, 11, 11], "texture": "#0"},
				"up": {"uv": [8, 9, 11, 11], "rotation": 90, "texture": "#0"},
				"down": {"uv": [8, 8, 11, 10], "rotation": 270, "texture": "#0"}
			}
		},
		{
			"from": [9.25, 2.5, 7.31066],
			"to": [10, 2.75, 8.06066],
			"rotation": {"angle": 0, "axis": "y", "origin": [8, 12.125, 9.06066]},
			"faces": {
				"north": {"uv": [0, 0, 1, 1], "texture": "#0"},
				"east": {"uv": [2, 3, 3, 4], "texture": "#0"},
				"south": {"uv": [0, 0, 1, 1], "texture": "#0"},
				"west": {"uv": [0, 0, 1, 1], "texture": "#0"},
				"up": {"uv": [0, 0, 1, 1], "rotation": 90, "texture": "#0"},
				"down": {"uv": [2, 4, 3, 5], "rotation": 270, "texture": "#0"}
			}
		},
		{
			"from": [9.25, 1.25, 6.31066],
			"to": [9.75, 1.75, 8.06066],
			"rotation": {"angle": 45, "axis": "x", "origin": [9.5, 1.3125, 7.99816]},
			"faces": {
				"north": {"uv": [0, 0, 1, 1], "texture": "#0"},
				"east": {"uv": [2, 3, 3, 4], "texture": "#0"},
				"south": {"uv": [0, 0, 1, 1], "texture": "#0"},
				"west": {"uv": [0, 0, 1, 1], "texture": "#0"},
				"up": {"uv": [0, 0, 1, 1], "rotation": 90, "texture": "#0"},
				"down": {"uv": [2, 4, 3, 5], "rotation": 270, "texture": "#0"}
			}
		},
		{
			"from": [7.75, 1.25, 6.56066],
			"to": [8.25, 1.75, 7.06066],
			"rotation": {"angle": 0, "axis": "y", "origin": [8, 12.125, 9.06066]},
			"faces": {
				"north": {"uv": [0, 0, 1, 1], "texture": "#0"},
				"east": {"uv": [2, 3, 3, 4], "texture": "#0"},
				"south": {"uv": [0, 0, 1, 1], "texture": "#0"},
				"west": {"uv": [0, 0, 1, 1], "texture": "#0"},
				"up": {"uv": [0, 0, 1, 1], "rotation": 90, "texture": "#0"},
				"down": {"uv": [2, 4, 3, 5], "rotation": 270, "texture": "#0"}
			}
		},
		{
			"from": [8.5, 1.25, 6.56066],
			"to": [9, 1.75, 7.06066],
			"rotation": {"angle": 0, "axis": "y", "origin": [8, 12.125, 9.06066]},
			"faces": {
				"north": {"uv": [0, 0, 1, 1], "texture": "#0"},
				"east": {"uv": [2, 3, 3, 4], "texture": "#0"},
				"south": {"uv": [0, 0, 1, 1], "texture": "#0"},
				"west": {"uv": [0, 0, 1, 1], "texture": "#0"},
				"up": {"uv": [0, 0, 1, 1], "rotation": 90, "texture": "#0"},
				"down": {"uv": [2, 4, 3, 5], "rotation": 270, "texture": "#0"}
			}
		},
		{
			"from": [9.25, 1.25, 8.06066],
			"to": [10, 1.75, 8.56066],
			"rotation": {"angle": 0, "axis": "y", "origin": [8, 12.125, 9.06066]},
			"faces": {
				"north": {"uv": [0, 0, 1, 1], "texture": "#0"},
				"east": {"uv": [2, 3, 3, 4], "texture": "#0"},
				"south": {"uv": [0, 0, 1, 1], "texture": "#0"},
				"west": {"uv": [0, 0, 1, 1], "texture": "#0"},
				"up": {"uv": [0, 0, 1, 1], "rotation": 90, "texture": "#0"},
				"down": {"uv": [2, 4, 3, 5], "rotation": 270, "texture": "#0"}
			}
		},
		{
			"from": [9.25, 1.75, 6.56066],
			"to": [9.75, 2.5, 7.06066],
			"rotation": {"angle": 45, "axis": "x", "origin": [9.5, 1.3125, 7.99816]},
			"faces": {
				"north": {"uv": [0, 0, 1, 1], "texture": "#0"},
				"east": {"uv": [2, 3, 3, 4], "texture": "#0"},
				"south": {"uv": [0, 0, 1, 1], "texture": "#0"},
				"west": {"uv": [0, 0, 1, 1], "texture": "#0"},
				"up": {"uv": [0, 0, 1, 1], "rotation": 90, "texture": "#0"},
				"down": {"uv": [2, 4, 3, 5], "rotation": 270, "texture": "#0"}
			}
		}
	],
	"display": {
		"thirdperson_righthand": {
			"rotation": [-90, -180, 0],
			"translation": [0.25, 0.5, -4.75],
			"scale": [0.62, 0.62, 0.62]
		},
		"thirdperson_lefthand": {
			"rotation": [-90, -180, 0],
			"translation": [0.25, 0.5, -4.75],
			"scale": [0.62, 0.62, 0.62]
		},
		"firstperson_righthand": {
			"rotation": [-85, 180, 0],
			"translation": [0, 4, -2],
			"scale": [0.66, 0.66, 0.66]
		},
		"firstperson_lefthand": {
			"rotation": [-85, 180, 0],
			"translation": [0, 4, -2],
			"scale": [0.66, 0.66, 0.66]
		},
		"ground": {
			"rotation": [-180, 0, 0],
			"translation": [0, 3.5, 1],
			"scale": [0.52, 0.52, 0.52]
		},
		"gui": {
			"rotation": [90, -39, 90],
			"translation": [-0.5, 1.5, 0],
			"scale": [0.73, 0.73, 0.73]
		},
		"fixed": {
			"rotation": [90, 39, -90],
			"translation": [0.75, 2, 0],
			"scale": [0.85, 0.85, 0.85]
		}
	}
}