{
    "parent": "item/handheld_rod",
    "textures": {
        "layer0": "item/warped_fungus_on_a_stick"
    },
	"overrides": [
        {"predicate": {"custom_model_data": 1},"model": "item/flintlock_empty"},
        {"predicate": {"custom_model_data": 2},"model": "item/flintlock_powder"},
        {"predicate": {"custom_model_data": 3},"model": "item/flintlock_ready"},
        {"predicate": {"custom_model_data": 4},"model": "item/flintlock_aim"},
        {"predicate": {"custom_model_data": 5},"model": "item/musket_empty"},
        {"predicate": {"custom_model_data": 6},"model": "item/musket_powder"},
        {"predicate": {"custom_model_data": 7},"model": "item/musket_ready"},
        {"predicate": {"custom_model_data": 8},"model": "item/musket_aim"},
        {"predicate": {"custom_model_data": 9},"model": "item/blunderbuss_empty"},
        {"predicate": {"custom_model_data": 10},"model": "item/blunderbuss_powder"},
        {"predicate": {"custom_model_data": 11},"model": "item/blunderbuss_ready"},
        {"predicate": {"custom_model_data": 12},"model": "item/blunderbuss_aim"},
        {"predicate": {"custom_model_data": 13},"model": "item/d_musket_00"},
        {"predicate": {"custom_model_data": 14},"model": "item/d_musket_01"},
        {"predicate": {"custom_model_data": 15},"model": "item/d_musket_10"},
        {"predicate": {"custom_model_data": 16},"model": "item/d_musket_11"},
        {"predicate": {"custom_model_data": 17},"model": "item/d_musket_02"},
        {"predicate": {"custom_model_data": 18},"model": "item/d_musket_12"},
        {"predicate": {"custom_model_data": 19},"model": "item/d_musket_20"},
        {"predicate": {"custom_model_data": 20},"model": "item/d_musket_21"},
        {"predicate": {"custom_model_data": 21},"model": "item/d_musket_22"},
        {"predicate": {"custom_model_data": 22},"model": "item/d_musket_02a"},
        {"predicate": {"custom_model_data": 23},"model": "item/d_musket_12a"},
        {"predicate": {"custom_model_data": 24},"model": "item/d_musket_20a"},
        {"predicate": {"custom_model_data": 25},"model": "item/d_musket_21a"},
        {"predicate": {"custom_model_data": 26},"model": "item/d_musket_22a"}
	]
}